"Lon";"Lat";"CITY";"POIS"
-3.70379;40.41659;"Madrid";"City_Center"
-3.645225284;40.3897687;"Madrid";"Metro"
-3.703317807;40.45033105;"Madrid";"Metro"
-3.699375742;40.41246303;"Madrid";"Metro"
-3.692490884;40.40884679;"Madrid";"Metro"
-3.676377276;40.47680706;"Madrid";"Metro"
-3.702188296;40.42904964;"Madrid";"Metro"
-3.65391434;40.39155775;"Madrid";"Metro"
-3.618850584;40.37238111;"Madrid";"Metro"
-3.703978477;40.44696668;"Madrid";"Metro"
-3.703028749;40.45427875;"Madrid";"Metro"
-3.701811364;40.42000686;"Madrid";"Metro"
-3.698983453;40.43491591;"Madrid";"Metro"
-3.613471104;40.37018451;"Madrid";"Metro"
-3.599533888;40.36322146;"Madrid";"Metro"
-3.680990946;40.4044466;"Madrid";"Metro"
-3.639511225;40.38731393;"Madrid";"Metro"
-3.664145352;40.39553551;"Madrid";"Metro"
-3.675137364;40.40125568;"Madrid";"Metro"
-3.666807044;40.48013292;"Madrid";"Metro"
-3.689182341;40.46689362;"Madrid";"Metro"
-3.658685211;40.3926568;"Madrid";"Metro"
-3.669061703;40.39819187;"Madrid";"Metro"
-3.701332287;40.44197376;"Madrid";"Metro"
-3.624724517;40.38216046;"Madrid";"Metro"
-3.698258342;40.46055089;"Madrid";"Metro"
-3.704666475;40.41234081;"Madrid";"Metro"
-3.70110929;40.42618231;"Madrid";"Metro"
-3.695066467;40.46441696;"Madrid";"Metro"
-3.593169837;40.36006503;"Madrid";"Metro"
-3.621308016;40.37959325;"Madrid";"Metro"
-3.783925419;40.38363227;"Madrid";"Metro"
-3.753116583;40.40785518;"Madrid";"Metro"
-3.6858519;40.48040886;"Madrid";"Metro"
-3.774618016;40.39697435;"Madrid";"Metro"
-3.79152548;40.37769758;"Madrid";"Metro"
-3.68986238;40.45842113;"Madrid";"Metro"
-3.69283384;40.49507881;"Madrid";"Metro"
-3.807202279;40.34984122;"Madrid";"Metro"
-3.735637717;40.41640918;"Madrid";"Metro"
-3.709704711;40.42408481;"Madrid";"Metro"
-3.6904035;40.4521354;"Madrid";"Metro"
-3.695209949;40.50119961;"Madrid";"Metro"
-3.635133826;40.55441859;"Madrid";"Metro"
-3.611465759;40.5597624;"Madrid";"Metro"
-3.658599532;40.52759393;"Madrid";"Metro"
-3.635571004;40.53194807;"Madrid";"Metro"
-3.669446787;40.50832463;"Madrid";"Metro"
-3.646883387;40.55047959;"Madrid";"Metro"
-3.637392615;40.54101898;"Madrid";"Metro"
-3.695759278;40.50525032;"Madrid";"Metro"
-3.623403334;40.55037444;"Madrid";"Metro"
-3.6626495;40.5155342;"Madrid";"Metro"
-3.727911159;40.38082724;"Madrid";"Metro"
-3.751916264;40.37199789;"Madrid";"Metro"
-3.77783378;40.35795246;"Madrid";"Metro"
-3.756906024;40.36421751;"Madrid";"Metro"
-3.734171678;40.37585969;"Madrid";"Metro"
-3.739106223;40.373594;"Madrid";"Metro"
-3.831780169;40.35008149;"Madrid";"Metro"
-3.736641504;40.30080675;"Madrid";"Metro"
-3.75682805;40.28873925;"Madrid";"Metro"
-3.759428417;40.32659685;"Madrid";"Metro"
-3.745771718;40.29324358;"Madrid";"Metro"
-3.729638477;40.32906791;"Madrid";"Metro"
-3.740186134;40.33663166;"Madrid";"Metro"
-3.70985858;40.31862322;"Madrid";"Metro"
-3.798909369;40.28267241;"Madrid";"Metro"
-3.73403382;40.30992262;"Madrid";"Metro"
-3.816427066;40.28574839;"Madrid";"Metro"
-3.874715029;40.31652112;"Madrid";"Metro"
-3.76797843;40.32176555;"Madrid";"Metro"
-3.72225015;40.31179863;"Madrid";"Metro"
-3.752668025;40.33474027;"Madrid";"Metro"
-3.771544564;40.32897617;"Madrid";"Metro"
-3.837691908;40.29680382;"Madrid";"Metro"
-3.718203882;40.32422047;"Madrid";"Metro"
-3.86402699;40.30902476;"Madrid";"Metro"
-3.863545433;40.3284971;"Madrid";"Metro"
-3.786982308;40.28683533;"Madrid";"Metro"
-3.806326586;40.28517056;"Madrid";"Metro"
-3.821201089;40.3496796;"Madrid";"Metro"
-3.849343411;40.34589074;"Madrid";"Metro"
-3.86489449;40.32167612;"Madrid";"Metro"
-3.812495254;40.34542573;"Madrid";"Metro"
-3.775876337;40.33615451;"Madrid";"Metro"
-3.872188547;40.33511701;"Madrid";"Metro"
-3.623514403;40.41828444;"Madrid";"Metro"
-3.612070828;40.42239066;"Madrid";"Metro"
-3.694966495;40.41921937;"Madrid";"Metro"
-3.704337221;40.43840594;"Madrid";"Metro"
-3.675912376;40.42453957;"Madrid";"Metro"
-3.639147584;40.42361352;"Madrid";"Metro"
-3.650528497;40.42661312;"Madrid";"Metro"
-3.603312655;40.42374301;"Madrid";"Metro"
-3.669261728;40.42790259;"Madrid";"Metro"
-3.70742568;40.42483752;"Madrid";"Metro"
-3.709429507;40.41808648;"Madrid";"Metro"
-3.680128256;40.42293826;"Madrid";"Metro"
-3.704342022;40.43321672;"Madrid";"Metro"
-3.6858256;40.4207967;"Madrid";"Metro"
-3.707966343;40.42131168;"Madrid";"Metro"
-3.699256778;40.41804936;"Madrid";"Metro"
-3.66366769;40.43088079;"Madrid";"Metro"
-3.697892329;40.38409341;"Madrid";"Metro"
-3.715975032;40.43065877;"Madrid";"Metro"
-3.705667145;40.42012753;"Madrid";"Metro"
-3.693635291;40.3595782;"Madrid";"Metro"
-3.702681993;40.40511862;"Madrid";"Metro"
-3.695855105;40.37502451;"Madrid";"Metro"
-3.700914056;40.40850775;"Madrid";"Metro"
-3.695125551;40.39114618;"Madrid";"Metro"
-3.719452174;40.43501556;"Madrid";"Metro"
-3.694234726;40.40307054;"Madrid";"Metro"
-3.711206486;40.42340891;"Madrid";"Metro"
-3.693191433;40.34153554;"Madrid";"Metro"
-3.694177839;40.36998949;"Madrid";"Metro"
-3.713414286;40.42708;"Madrid";"Metro"
-3.711990993;40.34122314;"Madrid";"Metro"
-3.692651332;40.35089027;"Madrid";"Metro"
-3.667918653;40.44824372;"Madrid";"Metro"
-3.715962574;40.43059578;"Madrid";"Metro"
-3.656188123;40.45582441;"Madrid";"Metro"
-3.676648794;40.43803078;"Madrid";"Metro"
-3.661189836;40.45353465;"Madrid";"Metro"
-3.63560058;40.4638043;"Madrid";"Metro"
-3.691010383;40.42541428;"Madrid";"Metro"
-3.674964502;40.43467125;"Madrid";"Metro"
-3.645820621;40.45944135;"Madrid";"Metro"
-3.652579637;40.4753673;"Madrid";"Metro"
-3.675416373;40.4291641;"Madrid";"Metro"
-3.662905159;40.47686709;"Madrid";"Metro"
-3.638331255;40.46941987;"Madrid";"Metro"
-3.645246662;40.47711117;"Madrid";"Metro"
-3.674823829;40.4441856;"Madrid";"Metro"
-3.70568424;40.42965898;"Madrid";"Metro"
-3.63958235;40.47446699;"Madrid";"Metro"
-3.686637032;40.42543132;"Madrid";"Metro"
-3.682919601;40.42502992;"Madrid";"Metro"
-3.706652231;40.40386919;"Madrid";"Metro"
-3.587529851;40.45778837;"Madrid";"Metro"
-3.6956252;40.4277594;"Madrid";"Metro"
-3.760809653;40.38562452;"Madrid";"Metro"
-3.768135975;40.39480136;"Madrid";"Metro"
-3.608164957;40.44942038;"Madrid";"Metro"
-3.74488166;40.38781832;"Madrid";"Metro"
-3.761019687;40.40323585;"Madrid";"Metro"
-3.6976645;40.4226137;"Madrid";"Metro"
-3.63816409;40.43804243;"Madrid";"Metro"
-3.6749023;40.4324163;"Madrid";"Metro"
-3.594013968;40.45346694;"Madrid";"Metro"
-3.657582365;40.43188854;"Madrid";"Metro"
-3.765354359;40.39056753;"Madrid";"Metro"
-3.751217472;40.38438092;"Madrid";"Metro"
-3.708167578;40.41127437;"Madrid";"Metro"
-3.715963813;40.39735241;"Madrid";"Metro"
-3.682585355;40.43277966;"Madrid";"Metro"
-3.731327676;40.3884634;"Madrid";"Metro"
-3.642834404;40.43569222;"Madrid";"Metro"
-3.711057634;40.40703139;"Madrid";"Metro"
-3.647365166;40.43357684;"Madrid";"Metro"
-3.689545126;40.43315277;"Madrid";"Metro"
-3.626847447;40.44084309;"Madrid";"Metro"
-3.61700473;40.44374289;"Madrid";"Metro"
-3.72361563;40.39334979;"Madrid";"Metro"
-3.739826645;40.38884177;"Madrid";"Metro"
-3.738937772;40.40991964;"Madrid";"Metro"
-3.688641465;40.3930949;"Madrid";"Metro"
-3.741000003;40.39269915;"Madrid";"Metro"
-3.726795069;40.44355521;"Madrid";"Metro"
-3.670409623;40.40696791;"Madrid";"Metro"
-3.6732863;40.4332301;"Madrid";"Metro"
-3.712297358;40.44635716;"Madrid";"Metro"
-3.744300361;40.39922754;"Madrid";"Metro"
-3.695054953;40.39115561;"Madrid";"Metro"
-3.745343133;40.40509473;"Madrid";"Metro"
-3.7180913;40.4465771;"Madrid";"Metro"
-3.668599051;40.42288839;"Madrid";"Metro"
-3.723134262;40.38690231;"Madrid";"Metro"
-3.673860948;40.40206493;"Madrid";"Metro"
-3.718373526;40.38459863;"Madrid";"Metro"
-3.727241956;40.41389472;"Madrid";"Metro"
-3.684064546;40.44378894;"Madrid";"Metro"
-3.669523456;40.41506319;"Madrid";"Metro"
-3.706901007;40.38709277;"Madrid";"Metro"
-3.699255079;40.43837373;"Madrid";"Metro"
-3.717704366;40.47021552;"Madrid";"Metro"
-3.641060838;40.43019755;"Madrid";"Metro"
-3.718411259;40.48009394;"Madrid";"Metro"
-3.652004711;40.43909132;"Madrid";"Metro"
-3.672157755;40.43933626;"Madrid";"Metro"
-3.600156646;40.43339012;"Madrid";"Metro"
-3.712392392;40.45647367;"Madrid";"Metro"
-3.633310367;40.42842044;"Madrid";"Metro"
-3.691495499;40.43824923;"Madrid";"Metro"
-3.713741354;40.43905997;"Madrid";"Metro"
-3.7230534;40.4850272;"Madrid";"Metro"
-3.60788713;40.43298035;"Madrid";"Metro"
-3.662973684;40.43944335;"Madrid";"Metro"
-3.715830358;40.47592079;"Madrid";"Metro"
-3.725899507;40.49510107;"Madrid";"Metro"
-3.615469606;40.42798526;"Madrid";"Metro"
-3.625725983;40.42798426;"Madrid";"Metro"
-3.715983795;40.46482081;"Madrid";"Metro"
-3.569198792;40.42249256;"Madrid";"Metro"
-3.561193228;40.42372991;"Madrid";"Metro"
-3.527184756;40.4177638;"Madrid";"Metro"
-3.5345387;40.41760391;"Madrid";"Metro"
-3.525504192;40.42295168;"Madrid";"Metro"
-3.547931164;40.42514488;"Madrid";"Metro"
-3.535417765;40.42441071;"Madrid";"Metro"
-3.569541068;40.46864417;"Madrid";"Metro"
-3.593254085;40.49175904;"Madrid";"Metro"
-3.582531126;40.4757686;"Madrid";"Metro"
-3.616210052;40.46389128;"Madrid";"Metro"
-3.6770523;40.4565932;"Madrid";"Metro"
-3.648674575;40.46799292;"Madrid";"Metro"
-3.641813746;40.40522026;"Madrid";"Metro"
-3.703170083;40.47688139;"Madrid";"Metro"
-3.6768482;40.4579538;"Madrid";"Metro"
-3.6776315;40.4504367;"Madrid";"Metro"
-3.678220652;40.44426482;"Madrid";"Metro"
-3.679175081;40.46761952;"Madrid";"Metro"
-3.661791533;40.41146804;"Madrid";"Metro"
-3.707522394;40.48465657;"Madrid";"Metro"
-3.678585458;40.41838875;"Madrid";"Metro"
-3.716357309;40.49108858;"Madrid";"Metro"
-3.6793754;40.4297799;"Madrid";"Metro"
-3.635122746;40.40050942;"Madrid";"Metro"
-3.675802343;40.46299967;"Madrid";"Metro"
-3.595982859;40.40131238;"Madrid";"Metro"
-3.602404005;40.40381066;"Madrid";"Metro"
-3.621566677;40.40004254;"Madrid";"Metro"
-3.6958849;40.46943003;"Madrid";"Metro"
-3.608865632;40.40420925;"Madrid";"Metro"
-3.652739767;40.41024021;"Madrid";"Metro"
-3.447526066;40.30366479;"Madrid";"Metro"
-3.477452635;40.31901407;"Madrid";"Metro"
-3.524799759;40.34134104;"Madrid";"Metro"
-3.547281479;40.36676887;"Madrid";"Metro"
-3.520602741;40.32836871;"Madrid";"Metro"
-3.684449121;40.48240024;"Madrid";"Main_street"
-3.684601835;40.48186046;"Madrid";"Main_street"
-3.684772514;40.48125918;"Madrid";"Main_street"
-3.684916245;40.48073989;"Madrid";"Main_street"
-3.685086925;40.48007027;"Madrid";"Main_street"
-3.685257605;40.47950314;"Madrid";"Main_street"
-3.685437268;40.47892234;"Madrid";"Main_street"
-3.685607948;40.47834153;"Madrid";"Main_street"
-3.685778628;40.47776755;"Madrid";"Main_street"
-3.685949307;40.4771799;"Madrid";"Main_street"
-3.686119987;40.47655808;"Madrid";"Main_street"
-3.686317617;40.47590209;"Madrid";"Main_street"
-3.686488297;40.47523926;"Madrid";"Main_street"
-3.686685926;40.47456275;"Madrid";"Main_street"
-3.686910505;40.4738589;"Madrid";"Main_street"
-3.687081185;40.47312771;"Madrid";"Main_street"
-3.68729678;40.47247169;"Madrid";"Main_street"
-3.68746746;40.47180199;"Madrid";"Main_street"
-3.687674073;40.47109811;"Madrid";"Main_street"
-3.687862719;40.47040789;"Madrid";"Main_street"
-3.688060348;40.46969717;"Madrid";"Main_street"
-3.688248995;40.46902061;"Madrid";"Main_street"
-3.688473573;40.46830303;"Madrid";"Main_street"
-3.688698152;40.46759912;"Madrid";"Main_street"
-3.688850866;40.46697038;"Madrid";"Main_street"
-3.688940697;40.4661366;"Madrid";"Main_street"
-3.689030529;40.46537799;"Madrid";"Main_street"
-3.68912036;40.46468088;"Madrid";"Main_street"
-3.689201209;40.4640316;"Madrid";"Main_street"
-3.689300024;40.46332081;"Madrid";"Main_street"
-3.689371889;40.46258951;"Madrid";"Main_street"
-3.689479687;40.46178302;"Madrid";"Main_street"
-3.689560535;40.46105853;"Madrid";"Main_street"
-3.689641383;40.46025202;"Madrid";"Main_street"
-3.689749181;40.45941816;"Madrid";"Main_street"
-3.689847996;40.45867314;"Madrid";"Main_street"
-3.689946811;40.45773673;"Madrid";"Main_street"
-3.690081558;40.4567593;"Madrid";"Main_street"
-3.690207322;40.45572033;"Madrid";"Main_street"
-3.690333086;40.45470869;"Madrid";"Main_street"
-3.690449867;40.45369704;"Madrid";"Main_street"
-3.690548682;40.4527879;"Madrid";"Main_street"
-3.690683429;40.45178306;"Madrid";"Main_street"
-3.690782244;40.45092858;"Madrid";"Main_street"
-3.690881058;40.45014929;"Madrid";"Main_street"
-3.690952924;40.44937683;"Madrid";"Main_street"
-3.691051738;40.44865221;"Madrid";"Main_street"
-3.69114157;40.44792075;"Madrid";"Main_street"
-3.691231401;40.44716193;"Madrid";"Main_street"
-3.691330216;40.44638943;"Madrid";"Main_street"
-3.691420048;40.44545969;"Madrid";"Main_street"
-3.691473946;40.44466666;"Madrid";"Main_street"
-3.691509879;40.44392148;"Madrid";"Main_street"
-3.691545812;40.44319681;"Madrid";"Main_street"
-3.691590727;40.44247212;"Madrid";"Main_street"
-3.691635643;40.44169957;"Madrid";"Main_street"
-3.691680559;40.44094752;"Madrid";"Main_street"
-3.691716492;40.4402775;"Madrid";"Main_street"
-3.691743441;40.4397579;"Madrid";"Main_street"
-3.691420048;40.43923145;"Madrid";"Main_street"
-3.691096654;40.43867765;"Madrid";"Main_street"
-3.690782244;40.43813751;"Madrid";"Main_street"
-3.690476817;40.43767259;"Madrid";"Main_street"
-3.690162406;40.4371598;"Madrid";"Main_street"
-3.689901895;40.43674272;"Madrid";"Main_street"
-3.689596468;40.43625044;"Madrid";"Main_street"
-3.689300024;40.43579234;"Madrid";"Main_street"
-3.689003579;40.43530688;"Madrid";"Main_street"
-3.688761034;40.43471202;"Madrid";"Main_street"
-3.688626287;40.43408981;"Madrid";"Main_street"
-3.688554422;40.43354964;"Madrid";"Main_street"
-3.688590354;40.43294793;"Madrid";"Main_street"
-3.688761034;40.43236672;"Madrid";"Main_street"
-3.688931714;40.43173765;"Madrid";"Main_street"
-3.689111377;40.43101968;"Madrid";"Main_street"
-3.68929104;40.43034273;"Madrid";"Main_street"
-3.689452737;40.42972731;"Madrid";"Main_street"
-3.689623417;40.42902983;"Madrid";"Main_street"
-3.689794097;40.42840072;"Madrid";"Main_street"
-3.68997376;40.42768956;"Madrid";"Main_street"
-3.690171389;40.42693735;"Madrid";"Main_street"
-3.690351052;40.42626719;"Madrid";"Main_street"
-3.690530715;40.42554916;"Madrid";"Main_street"
-3.690728345;40.42483797;"Madrid";"Main_street"
-3.690890042;40.42420882;"Madrid";"Main_street"
-3.69114157;40.42364122;"Madrid";"Main_street"
-3.691366149;40.42312148;"Madrid";"Main_street"
-3.691563778;40.4226291;"Madrid";"Main_street"
-3.691806323;40.42206148;"Madrid";"Main_street"
-3.692075818;40.42141863;"Madrid";"Main_street"
-3.692327346;40.42083049;"Madrid";"Main_street"
-3.692569891;40.42028338;"Madrid";"Main_street"
-3.69279447;40.41974994;"Madrid";"Main_street"
-3.692983116;40.4192712;"Madrid";"Main_street"
-3.693117863;40.41875827;"Madrid";"Main_street"
-3.693252611;40.41830689;"Madrid";"Main_street"
-3.693378375;40.41788286;"Madrid";"Main_street"
-3.693486173;40.41747935;"Madrid";"Main_street"
-3.693629903;40.4170006;"Madrid";"Main_street"
-3.693755667;40.4165492;"Madrid";"Main_street"
-3.693899398;40.41609781;"Madrid";"Main_street"
-3.694016179;40.41563957;"Madrid";"Main_street"
-3.694123977;40.41531127;"Madrid";"Main_street"
-3.694123977;40.41509925;"Madrid";"Main_street"
-3.694043128;40.41488723;"Madrid";"Main_street"
-3.69396228;40.41466836;"Madrid";"Main_street"
-3.693854482;40.41436058;"Madrid";"Main_street"
-3.693728718;40.4140528;"Madrid";"Main_street"
-3.69362092;40.41373818;"Madrid";"Main_street"
-3.693504139;40.41340988;"Madrid";"Main_street"
-3.693351425;40.41302686;"Madrid";"Main_street"
-3.693198712;40.41260279;"Madrid";"Main_street"
-3.693037015;40.41217873;"Madrid";"Main_street"
-3.692893285;40.4117615;"Madrid";"Main_street"
-3.692749554;40.41135795;"Madrid";"Main_street"
-3.692605824;40.41098176;"Madrid";"Main_street"
-3.692462093;40.41059872;"Madrid";"Main_street"
-3.69230938;40.41014728;"Madrid";"Main_street"
-3.692129717;40.40968216;"Madrid";"Main_street"
-3.691959037;40.40927176;"Madrid";"Main_street"
-3.691824289;40.40882715;"Madrid";"Main_street"
-3.692012936;40.40840991;"Madrid";"Main_street"
-3.692426161;40.40797897;"Madrid";"Main_street"
-3.692848369;40.40754804;"Madrid";"Main_street"
-3.693207695;40.40717867;"Madrid";"Main_street"
-3.693351425;40.4066588;"Madrid";"Main_street"
-3.693396341;40.40611841;"Madrid";"Main_street"
-3.693468206;40.40553014;"Madrid";"Main_street"
-3.693531088;40.40494186;"Madrid";"Main_street"
-3.693602954;40.40434673;"Madrid";"Main_street"
-3.693638886;40.40379264;"Madrid";"Main_street"
-3.693728718;40.40317014;"Madrid";"Main_street"
-3.6937916;40.40256131;"Madrid";"Main_street"
-3.693872448;40.40187724;"Madrid";"Main_street"
-3.693926347;40.4013026;"Madrid";"Main_street"
-3.693980246;40.40074849;"Madrid";"Main_street"
-3.694052111;40.4002491;"Madrid";"Main_street"
-3.694088044;40.39970182;"Madrid";"Main_street"
-3.694168892;40.39914769;"Madrid";"Main_street"
-3.694222791;40.39851831;"Madrid";"Main_street"
-3.69430364;40.3979026;"Madrid";"Main_street"
-3.694366522;40.3972732;"Madrid";"Main_street"
-3.694438387;40.39660275;"Madrid";"Main_street"
-3.694501269;40.3959323;"Madrid";"Main_street"
-3.694582117;40.39535077;"Madrid";"Main_street"
-3.694636016;40.39481029;"Madrid";"Main_street"
-3.694671949;40.39427665;"Madrid";"Main_street"
-3.694752797;40.39372248;"Madrid";"Main_street"
-3.694806696;40.39318883;"Madrid";"Main_street"
-3.694869578;40.39273043;"Madrid";"Main_street"
-3.694896528;40.39227203;"Madrid";"Main_street"
-3.694941443;40.39182731;"Madrid";"Main_street"
-3.694977376;40.39151943;"Madrid";"Main_street"
-3.695031275;40.39119102;"Madrid";"Main_street"
-3.695049241;40.39091734;"Madrid";"Main_street"
2.170037;41.386968;"Barcelona";"City_Center"
2.167015;41.385919;"Barcelona";"Metro"
2.167646;41.386095;"Barcelona";"Metro"
2.169598;41.385842;"Barcelona";"Metro"
2.169503;41.385707;"Barcelona";"Metro"
2.151636;41.399679;"Barcelona";"Metro"
2.152429;41.400039;"Barcelona";"Metro"
2.152507;41.399554;"Barcelona";"Metro"
2.158326;41.392331;"Barcelona";"Metro"
2.157649;41.393362;"Barcelona";"Metro"
2.157956;41.392909;"Barcelona";"Metro"
2.135427;41.397791;"Barcelona";"Metro"
2.135114;41.397895;"Barcelona";"Metro"
2.135502;41.397638;"Barcelona";"Metro"
2.130075;41.398154;"Barcelona";"Metro"
2.130828;41.397781;"Barcelona";"Metro"
2.143251;41.398645;"Barcelona";"Metro"
2.142754;41.398631;"Barcelona";"Metro"
2.142852;41.398976;"Barcelona";"Metro"
2.11937;41.399203;"Barcelona";"Metro"
2.118699;41.398423;"Barcelona";"Metro"
2.118998;41.398967;"Barcelona";"Metro"
2.147016;41.401372;"Barcelona";"Metro"
2.125789;41.398544;"Barcelona";"Metro"
2.124523;41.39935;"Barcelona";"Metro"
2.125112;41.39896;"Barcelona";"Metro"
2.137173;41.410227;"Barcelona";"Metro"
2.139248;41.405731;"Barcelona";"Metro"
2.139256;41.406043;"Barcelona";"Metro"
2.139529;41.405442;"Barcelona";"Metro"
2.142617;41.403596;"Barcelona";"Metro"
2.143265;41.403133;"Barcelona";"Metro"
2.142961;41.40344;"Barcelona";"Metro"
2.147573;41.401403;"Barcelona";"Metro"
2.086746;41.353011;"Barcelona";"Metro"
2.068427;41.351845;"Barcelona";"Metro"
2.148628;41.374547;"Barcelona";"Metro"
2.125369;41.357005;"Barcelona";"Metro"
2.117531;41.35536;"Barcelona";"Metro"
2.13168;41.360962;"Barcelona";"Metro"
2.130463;41.361391;"Barcelona";"Metro"
2.103422;41.357794;"Barcelona";"Metro"
2.139358;41.368228;"Barcelona";"Metro"
2.034689;41.357711;"Barcelona";"Metro"
2.043259;41.348145;"Barcelona";"Metro"
2.11168;41.361271;"Barcelona";"Metro"
2.180381;41.391664;"Barcelona";"Metro"
2.182218;41.393228;"Barcelona";"Metro"
2.180061;41.392387;"Barcelona";"Metro"
2.102669;41.357404;"Barcelona";"Metro"
2.103029;41.358779;"Barcelona";"Metro"
2.102666;41.359299;"Barcelona";"Metro"
2.200227;41.450043;"Barcelona";"Metro"
2.199663;41.449896;"Barcelona";"Metro"
2.110686;41.351236;"Barcelona";"Metro"
2.110976;41.351991;"Barcelona";"Metro"
2.109898;41.351527;"Barcelona";"Metro"
2.110588;41.350397;"Barcelona";"Metro"
2.111765;41.350916;"Barcelona";"Metro"
2.103659;41.368289;"Barcelona";"Metro"
2.103234;41.367647;"Barcelona";"Metro"
2.103931;41.368184;"Barcelona";"Metro"
2.169597;41.388111;"Barcelona";"Metro"
2.169492;41.38757;"Barcelona";"Metro"
2.168507;41.387706;"Barcelona";"Metro"
2.170687;41.387914;"Barcelona";"Metro"
2.168588;41.3872;"Barcelona";"Metro"
2.169507;41.387625;"Barcelona";"Metro"
2.187344;41.408643;"Barcelona";"Metro"
2.187148;41.409242;"Barcelona";"Metro"
2.187202;41.410828;"Barcelona";"Metro"
2.18753;41.411218;"Barcelona";"Metro"
2.148309;41.375344;"Barcelona";"Metro"
2.149455;41.375546;"Barcelona";"Metro"
2.148801;41.37538;"Barcelona";"Metro"
2.183562;41.430861;"Barcelona";"Metro"
2.183464;41.431138;"Barcelona";"Metro"
2.184196;41.428993;"Barcelona";"Metro"
2.183628;41.430467;"Barcelona";"Metro"
2.183584;41.430093;"Barcelona";"Metro"
2.183324;41.430459;"Barcelona";"Metro"
2.110681;41.368521;"Barcelona";"Metro"
2.110396;41.367873;"Barcelona";"Metro"
2.110875;41.368376;"Barcelona";"Metro"
2.217787;41.451728;"Barcelona";"Metro"
2.217064;41.451761;"Barcelona";"Metro"
2.21861;41.451596;"Barcelona";"Metro"
2.187098;41.402063;"Barcelona";"Metro"
2.18834;41.402984;"Barcelona";"Metro"
2.187238;41.402882;"Barcelona";"Metro"
2.187513;41.402698;"Barcelona";"Metro"
2.106694;41.344339;"Barcelona";"Metro"
2.106409;41.34472;"Barcelona";"Metro"
2.144523;41.375356;"Barcelona";"Metro"
2.143445;41.375552;"Barcelona";"Metro"
2.142362;41.375134;"Barcelona";"Metro"
2.143991;41.375292;"Barcelona";"Metro"
2.187227;41.421981;"Barcelona";"Metro"
2.187272;41.423089;"Barcelona";"Metro"
2.187198;41.422492;"Barcelona";"Metro"
2.186428;41.39558;"Barcelona";"Metro"
2.187072;41.395422;"Barcelona";"Metro"
2.186842;41.395574;"Barcelona";"Metro"
2.13319;41.373293;"Barcelona";"Metro"
2.133647;41.372953;"Barcelona";"Metro"
2.134546;41.374172;"Barcelona";"Metro"
2.134031;41.373543;"Barcelona";"Metro"
2.187294;41.416721;"Barcelona";"Metro"
2.187229;41.415812;"Barcelona";"Metro"
2.187086;41.416156;"Barcelona";"Metro"
2.137493;41.37525;"Barcelona";"Metro"
2.138801;41.375217;"Barcelona";"Metro"
2.137301;41.37557;"Barcelona";"Metro"
2.138845;41.375468;"Barcelona";"Metro"
2.138493;41.375542;"Barcelona";"Metro"
2.100302;41.362977;"Barcelona";"Metro"
2.100569;41.363695;"Barcelona";"Metro"
2.099718;41.36366;"Barcelona";"Metro"
2.100304;41.364232;"Barcelona";"Metro"
2.153966;41.37907;"Barcelona";"Metro"
2.154406;41.378685;"Barcelona";"Metro"
2.15517;41.379461;"Barcelona";"Metro"
2.154913;41.379656;"Barcelona";"Metro"
2.154456;41.379149;"Barcelona";"Metro"
2.191104;41.437806;"Barcelona";"Metro"
2.19105;41.436433;"Barcelona";"Metro"
2.190747;41.437324;"Barcelona";"Metro"
2.207988;41.451908;"Barcelona";"Metro"
2.20835;41.451604;"Barcelona";"Metro"
2.207416;41.451058;"Barcelona";"Metro"
2.207161;41.451444;"Barcelona";"Metro"
2.129976;41.369557;"Barcelona";"Metro"
2.129175;41.369127;"Barcelona";"Metro"
2.128698;41.368443;"Barcelona";"Metro"
2.190501;41.442298;"Barcelona";"Metro"
2.19087;41.442305;"Barcelona";"Metro"
2.190338;41.444154;"Barcelona";"Metro"
2.190709;41.444183;"Barcelona";"Metro"
2.190665;41.443807;"Barcelona";"Metro"
2.11649;41.368742;"Barcelona";"Metro"
2.11727;41.368154;"Barcelona";"Metro"
2.117108;41.368594;"Barcelona";"Metro"
2.194356;41.448967;"Barcelona";"Metro"
2.194384;41.449539;"Barcelona";"Metro"
2.164719;41.385814;"Barcelona";"Metro"
2.163474;41.385403;"Barcelona";"Metro"
2.164571;41.386145;"Barcelona";"Metro"
2.164163;41.385551;"Barcelona";"Metro"
2.159849;41.382668;"Barcelona";"Metro"
2.159449;41.382955;"Barcelona";"Metro"
2.158237;41.382056;"Barcelona";"Metro"
2.158998;41.382457;"Barcelona";"Metro"
2.175019;41.390021;"Barcelona";"Metro"
2.174004;41.389109;"Barcelona";"Metro"
2.173372;41.389401;"Barcelona";"Metro"
2.17309;41.38952;"Barcelona";"Metro"
2.234241;41.440358;"Barcelona";"Metro"
2.224024;41.442346;"Barcelona";"Metro"
2.217243;41.441476;"Barcelona";"Metro"
2.171017;41.462556;"Barcelona";"Metro"
2.17214;41.46292;"Barcelona";"Metro"
2.171578;41.462738;"Barcelona";"Metro"
2.185391;41.451492;"Barcelona";"Metro"
2.174473;41.460889;"Barcelona";"Metro"
2.18058;41.459194;"Barcelona";"Metro"
2.17912;41.459624;"Barcelona";"Metro"
2.17985;41.459409;"Barcelona";"Metro"
2.205987;41.423471;"Barcelona";"Metro"
2.217241;41.433816;"Barcelona";"Metro"
2.217371;41.433504;"Barcelona";"Metro"
2.216803;41.433879;"Barcelona";"Metro"
2.196179;41.415594;"Barcelona";"Metro"
2.195092;41.414799;"Barcelona";"Metro"
2.195013;41.415283;"Barcelona";"Metro"
2.244209;41.449132;"Barcelona";"Metro"
2.186173;41.410117;"Barcelona";"Metro"
2.186554;41.4101;"Barcelona";"Metro"
2.182802;41.407068;"Barcelona";"Metro"
2.182167;41.407271;"Barcelona";"Metro"
2.182557;41.407338;"Barcelona";"Metro"
2.23404;41.440639;"Barcelona";"Metro"
2.234255;41.441113;"Barcelona";"Metro"
2.233988;41.44129;"Barcelona";"Metro"
2.206689;41.423827;"Barcelona";"Metro"
2.180022;41.400331;"Barcelona";"Metro"
2.179581;41.40018;"Barcelona";"Metro"
2.180037;41.400087;"Barcelona";"Metro"
2.168228;41.375231;"Barcelona";"Metro"
2.167765;41.374796;"Barcelona";"Metro"
2.167579;41.375091;"Barcelona";"Metro"
2.167762;41.389284;"Barcelona";"Metro"
2.168735;41.389295;"Barcelona";"Metro"
2.16833;41.389533;"Barcelona";"Metro"
2.23821;41.444591;"Barcelona";"Metro"
2.239146;41.445295;"Barcelona";"Metro"
2.238942;41.444538;"Barcelona";"Metro"
2.238365;41.44515;"Barcelona";"Metro"
2.175562;41.403847;"Barcelona";"Metro"
2.176315;41.404257;"Barcelona";"Metro"
2.162901;41.37916;"Barcelona";"Metro"
2.163172;41.380689;"Barcelona";"Metro"
2.163409;41.37899;"Barcelona";"Metro"
2.163015;41.379953;"Barcelona";"Metro"
2.201262;41.419459;"Barcelona";"Metro"
2.200095;41.418604;"Barcelona";"Metro"
2.200601;41.419306;"Barcelona";"Metro"
2.228147;41.435342;"Barcelona";"Metro"
2.228502;41.435868;"Barcelona";"Metro"
2.227784;41.435516;"Barcelona";"Metro"
2.175485;41.394285;"Barcelona";"Metro"
2.174676;41.394956;"Barcelona";"Metro"
2.174591;41.394624;"Barcelona";"Metro"
2.163699;41.385021;"Barcelona";"Metro"
2.163681;41.384514;"Barcelona";"Metro"
2.16414;41.384844;"Barcelona";"Metro"
2.163252;41.385015;"Barcelona";"Metro"
2.209904;41.430056;"Barcelona";"Metro"
2.21027;41.429935;"Barcelona";"Metro"
2.209632;41.430299;"Barcelona";"Metro"
2.142987;41.424923;"Barcelona";"Metro"
2.142012;41.4251;"Barcelona";"Metro"
2.18295;41.449264;"Barcelona";"Metro"
2.165196;41.441671;"Barcelona";"Metro"
2.166353;41.441845;"Barcelona";"Metro"
2.166078;41.442024;"Barcelona";"Metro"
2.169571;41.385366;"Barcelona";"Metro"
2.170725;41.38604;"Barcelona";"Metro"
2.170075;41.385531;"Barcelona";"Metro"
2.169714;41.385946;"Barcelona";"Metro"
2.170344;41.386286;"Barcelona";"Metro"
2.160122;41.396315;"Barcelona";"Metro"
2.160904;41.395745;"Barcelona";"Metro"
2.160499;41.395422;"Barcelona";"Metro"
2.159713;41.39611;"Barcelona";"Metro"
2.160473;41.395755;"Barcelona";"Metro"
2.175556;41.376673;"Barcelona";"Metro"
2.175987;41.377112;"Barcelona";"Metro"
2.176443;41.3772;"Barcelona";"Metro"
2.176285;41.376817;"Barcelona";"Metro"
2.149829;41.374513;"Barcelona";"Metro"
2.150171;41.374826;"Barcelona";"Metro"
2.150029;41.375363;"Barcelona";"Metro"
2.14909;41.374291;"Barcelona";"Metro"
2.150301;41.37516;"Barcelona";"Metro"
2.152798;41.402597;"Barcelona";"Metro"
2.152815;41.402297;"Barcelona";"Metro"
2.130847;41.38397;"Barcelona";"Metro"
2.130678;41.384233;"Barcelona";"Metro"
2.131389;41.384545;"Barcelona";"Metro"
2.149572;41.40611;"Barcelona";"Metro"
2.150391;41.406599;"Barcelona";"Metro"
2.172794;41.381722;"Barcelona";"Metro"
2.173507;41.380969;"Barcelona";"Metro"
2.17353;41.380666;"Barcelona";"Metro"
2.126495;41.387932;"Barcelona";"Metro"
2.126135;41.388261;"Barcelona";"Metro"
2.127857;41.388357;"Barcelona";"Metro"
2.126304;41.388204;"Barcelona";"Metro"
2.144554;41.430627;"Barcelona";"Metro"
2.145257;41.43056;"Barcelona";"Metro"
2.145191;41.430847;"Barcelona";"Metro"
2.147798;41.434855;"Barcelona";"Metro"
2.148557;41.435325;"Barcelona";"Metro"
2.147015;41.435432;"Barcelona";"Metro"
2.147496;41.435235;"Barcelona";"Metro"
2.118013;41.385808;"Barcelona";"Metro"
2.117869;41.386116;"Barcelona";"Metro"
2.117872;41.385906;"Barcelona";"Metro"
2.170083;41.374728;"Barcelona";"Metro"
2.170433;41.375177;"Barcelona";"Metro"
2.170718;41.375079;"Barcelona";"Metro"
2.165242;41.392217;"Barcelona";"Metro"
2.164802;41.391905;"Barcelona";"Metro"
2.165646;41.391351;"Barcelona";"Metro"
2.164871;41.392581;"Barcelona";"Metro"
2.164453;41.392328;"Barcelona";"Metro"
2.16457;41.392896;"Barcelona";"Metro"
2.140978;41.417691;"Barcelona";"Metro"
2.140979;41.417205;"Barcelona";"Metro"
2.140751;41.417963;"Barcelona";"Metro"
2.13621;41.382176;"Barcelona";"Metro"
2.136549;41.382673;"Barcelona";"Metro"
2.16169;41.375204;"Barcelona";"Metro"
2.161109;41.375204;"Barcelona";"Metro"
2.158936;41.37487;"Barcelona";"Metro"
2.158822;41.37522;"Barcelona";"Metro"
2.15988;41.375147;"Barcelona";"Metro"
2.17602;41.446933;"Barcelona";"Metro"
2.177118;41.44795;"Barcelona";"Metro"
2.175017;41.446909;"Barcelona";"Metro"
2.176252;41.447394;"Barcelona";"Metro"
2.142019;41.381157;"Barcelona";"Metro"
2.139887;41.381979;"Barcelona";"Metro"
2.141603;41.380858;"Barcelona";"Metro"
2.140542;41.382298;"Barcelona";"Metro"
2.141512;41.381522;"Barcelona";"Metro"
2.146052;41.378249;"Barcelona";"Metro"
2.145225;41.378805;"Barcelona";"Metro"
2.144456;41.378852;"Barcelona";"Metro"
2.145436;41.378064;"Barcelona";"Metro"
2.145478;41.378565;"Barcelona";"Metro"
2.184187;41.449312;"Barcelona";"Metro"
2.18472;41.4493;"Barcelona";"Metro"
2.184457;41.449665;"Barcelona";"Metro"
2.184161;41.449514;"Barcelona";"Metro"
2.142547;41.425262;"Barcelona";"Metro"
2.144798;41.411753;"Barcelona";"Metro"
2.144863;41.411461;"Barcelona";"Metro"
2.145084;41.411401;"Barcelona";"Metro"
2.157006;41.438128;"Barcelona";"Metro"
2.156392;41.437571;"Barcelona";"Metro"
2.111704;41.384208;"Barcelona";"Metro"
2.111621;41.384639;"Barcelona";"Metro"
2.1104;41.384138;"Barcelona";"Metro"
2.181619;41.44867;"Barcelona";"Metro"
2.182475;41.449285;"Barcelona";"Metro"
2.17722;41.424489;"Barcelona";"Metro"
2.166884;41.412047;"Barcelona";"Metro"
2.16623;41.412431;"Barcelona";"Metro"
2.165088;41.412123;"Barcelona";"Metro"
2.166162;41.411775;"Barcelona";"Metro"
2.185811;41.382237;"Barcelona";"Metro"
2.18566;41.382674;"Barcelona";"Metro"
2.217105;41.414575;"Barcelona";"Metro"
2.215632;41.415468;"Barcelona";"Metro"
2.215688;41.415007;"Barcelona";"Metro"
2.210317;41.420291;"Barcelona";"Metro"
2.191575;41.394936;"Barcelona";"Metro"
2.192791;41.395438;"Barcelona";"Metro"
2.192179;41.395239;"Barcelona";"Metro"
2.191499;41.395301;"Barcelona";"Metro"
2.193191;41.38821;"Barcelona";"Metro"
2.193327;41.38792;"Barcelona";"Metro"
2.192713;41.388147;"Barcelona";"Metro"
2.215909;41.41174;"Barcelona";"Metro"
2.217331;41.412265;"Barcelona";"Metro"
2.216969;41.411963;"Barcelona";"Metro"
2.170859;41.394823;"Barcelona";"Metro"
2.171334;41.394796;"Barcelona";"Metro"
2.171406;41.39526;"Barcelona";"Metro"
2.174241;41.416004;"Barcelona";"Metro"
2.174437;41.416378;"Barcelona";"Metro"
2.174535;41.415996;"Barcelona";"Metro"
2.178343;41.384137;"Barcelona";"Metro"
2.179204;41.383774;"Barcelona";"Metro"
2.179125;41.383984;"Barcelona";"Metro"
2.162763;41.406051;"Barcelona";"Metro"
2.163163;41.406001;"Barcelona";"Metro"
2.163315;41.406523;"Barcelona";"Metro"
2.206472;41.423961;"Barcelona";"Metro"
2.19746;41.399026;"Barcelona";"Metro"
2.197247;41.399257;"Barcelona";"Metro"
2.172883;41.436715;"Barcelona";"Metro"
2.173684;41.43758;"Barcelona";"Metro"
2.173953;41.437178;"Barcelona";"Metro"
2.173484;41.437215;"Barcelona";"Metro"
2.177349;41.422701;"Barcelona";"Metro"
2.177694;41.424269;"Barcelona";"Metro"
2.167775;41.389664;"Barcelona";"Metro"
2.167682;41.389615;"Barcelona";"Metro"
2.202855;41.403481;"Barcelona";"Metro"
2.203212;41.40344;"Barcelona";"Metro"
2.209671;41.408202;"Barcelona";"Metro"
2.208411;41.407903;"Barcelona";"Metro"
2.209959;41.408155;"Barcelona";"Metro"
2.172613;41.388771;"Barcelona";"Metro"
2.174157;41.387564;"Barcelona";"Metro"
2.173104;41.388481;"Barcelona";"Metro"
2.168669;41.39999;"Barcelona";"Metro"
2.168592;41.40017;"Barcelona";"Metro"
2.178458;41.443382;"Barcelona";"Metro"
2.178826;41.444145;"Barcelona";"Metro"
2.178906;41.443928;"Barcelona";"Metro"
2.186497;41.420554;"Barcelona";"Metro"
2.126019;41.375495;"Barcelona";"Metro"
2.125579;41.375701;"Barcelona";"Metro"
2.128135;41.375637;"Barcelona";"Metro"
2.127313;41.375605;"Barcelona";"Metro"
2.181742;41.415335;"Barcelona";"Metro"
2.181114;41.414798;"Barcelona";"Metro"
2.180938;41.414999;"Barcelona";"Metro"
2.090782;41.366055;"Barcelona";"Metro"
2.091263;41.366148;"Barcelona";"Metro"
2.099888;41.371578;"Barcelona";"Metro"
2.099238;41.371318;"Barcelona";"Metro"
2.120049;41.375998;"Barcelona";"Metro"
2.118297;41.375791;"Barcelona";"Metro"
2.121098;41.37556;"Barcelona";"Metro"
2.120678;41.375948;"Barcelona";"Metro"
2.180781;41.423505;"Barcelona";"Metro"
2.182124;41.423447;"Barcelona";"Metro"
2.181609;41.423528;"Barcelona";"Metro"
2.072672;41.356107;"Barcelona";"Metro"
2.072404;41.356151;"Barcelona";"Metro"
2.159106;41.394536;"Barcelona";"Metro"
2.158487;41.394451;"Barcelona";"Metro"
2.15916;41.394887;"Barcelona";"Metro"
2.155013;41.423558;"Barcelona";"Metro"
2.156073;41.425418;"Barcelona";"Metro"
2.155126;41.424597;"Barcelona";"Metro"
2.150142;41.420977;"Barcelona";"Metro"
2.149504;41.419877;"Barcelona";"Metro"
2.148073;41.423133;"Barcelona";"Metro"
2.148521;41.421974;"Barcelona";"Metro"
2.144952;41.384126;"Barcelona";"Metro"
2.146075;41.384981;"Barcelona";"Metro"
2.145606;41.384454;"Barcelona";"Metro"
2.078917;41.357389;"Barcelona";"Metro"
2.079;41.35807;"Barcelona";"Metro"
2.078904;41.357707;"Barcelona";"Metro"
2.158742;41.429811;"Barcelona";"Metro"
2.160483;41.42973;"Barcelona";"Metro"
2.161228;41.430042;"Barcelona";"Metro"
2.161178;41.429762;"Barcelona";"Metro"
2.15177;41.388946;"Barcelona";"Metro"
2.150676;41.388476;"Barcelona";"Metro"
2.15029;41.388226;"Barcelona";"Metro"
2.150984;41.389033;"Barcelona";"Metro"
2.186579;41.422021;"Barcelona";"Metro"
2.186897;41.421556;"Barcelona";"Metro"
2.176558;41.425638;"Barcelona";"Metro"
2.1759;41.425733;"Barcelona";"Metro"
2.176475;41.425869;"Barcelona";"Metro"
2.135849;41.375429;"Barcelona";"Metro"
2.135034;41.375491;"Barcelona";"Metro"
2.13548;41.375444;"Barcelona";"Metro"
2.106775;41.373558;"Barcelona";"Metro"
2.107033;41.37329;"Barcelona";"Metro"
2.107647;41.374015;"Barcelona";"Metro"
2.108251;41.37406;"Barcelona";"Metro"
2.174231;41.404606;"Barcelona";"Metro"
2.173357;41.403512;"Barcelona";"Metro"
2.173076;41.403762;"Barcelona";"Metro"
2.173877;41.404117;"Barcelona";"Metro"
2.083994;41.362753;"Barcelona";"Metro"
2.084164;41.363278;"Barcelona";"Metro"
2.084574;41.36329;"Barcelona";"Metro"
2.175393;41.410166;"Barcelona";"Metro"
2.176264;41.411214;"Barcelona";"Metro"
2.176324;41.411021;"Barcelona";"Metro"
2.139739;41.379602;"Barcelona";"Metro"
2.139294;41.379699;"Barcelona";"Metro"
2.141445;41.425067;"Barcelona";"Metro"
2.167494;41.399121;"Barcelona";"Metro"
2.166277;41.398676;"Barcelona";"Metro"
2.166728;41.398769;"Barcelona";"Metro"
2.166992;41.430601;"Barcelona";"Metro"
2.168457;41.430572;"Barcelona";"Metro"
2.16701;41.430319;"Barcelona";"Metro"
2.16776;41.430824;"Barcelona";"Metro"
2.175568;41.429214;"Barcelona";"Metro"
2.174603;41.430476;"Barcelona";"Metro"
2.174133;41.430266;"Barcelona";"Metro"
2.174845;41.429404;"Barcelona";"Metro"
2.174875;41.429732;"Barcelona";"Metro"
2.205212;41.436173;"Barcelona";"Metro"
2.204794;41.436065;"Barcelona";"Metro"
2.186242;41.42096;"Barcelona";"Metro"
2.193133;41.429748;"Barcelona";"Metro"
2.210131;41.444246;"Barcelona";"Metro"
2.19855;41.457253;"Barcelona";"Metro"
2.212413;41.454503;"Barcelona";"Metro"
2.215908;41.446684;"Barcelona";"Metro"
2.20578;41.459366;"Barcelona";"Metro"
2.1076809;41.3833622;"Barcelona";"Main_street"
2.1095691;41.3838774;"Barcelona";"Main_street"
2.1112857;41.3843926;"Barcelona";"Main_street"
2.1129165;41.3849078;"Barcelona";"Main_street"
2.1151481;41.3853586;"Barcelona";"Main_street"
2.1169506;41.3857127;"Barcelona";"Main_street"
2.1186243;41.3861635;"Barcelona";"Main_street"
2.1200405;41.3866787;"Barcelona";"Main_street"
2.1217142;41.3870973;"Barcelona";"Main_street"
2.1234737;41.3874514;"Barcelona";"Main_street"
2.1255336;41.3879344;"Barcelona";"Main_street"
2.1272932;41.3884495;"Barcelona";"Main_street"
2.1293102;41.3889647;"Barcelona";"Main_street"
2.1317564;41.3895442;"Barcelona";"Main_street"
2.1333871;41.3899628;"Barcelona";"Main_street"
2.1352754;41.3904135;"Barcelona";"Main_street"
2.1370779;41.3909931;"Barcelona";"Main_street"
2.1394382;41.391476;"Barcelona";"Main_street"
2.1419702;41.3919911;"Barcelona";"Main_street"
2.1446095;41.3929248;"Barcelona";"Main_street"
2.1469699;41.3934721;"Barcelona";"Main_street"
2.1490298;41.3940838;"Barcelona";"Main_street"
2.1517335;41.3945345;"Barcelona";"Main_street"
2.1529588;41.3949042;"Barcelona";"Main_street"
2.1543964;41.3952744;"Barcelona";"Main_street"
2.1555015;41.3955722;"Barcelona";"Main_street"
2.1565208;41.3958539;"Barcelona";"Main_street"
2.1575615;41.3960873;"Barcelona";"Main_street"
2.1582588;41.3963207;"Barcelona";"Main_street"
2.1590742;41.3964978;"Barcelona";"Main_street"
2.1602758;41.3967875;"Barcelona";"Main_street"
2.1613005;41.397029;"Barcelona";"Main_street"
2.1597072;41.396707;"Barcelona";"Main_street"
2.1620998;41.3971819;"Barcelona";"Main_street"
2.162899;41.3974072;"Barcelona";"Main_street"
2.1637574;41.3976084;"Barcelona";"Main_street"
2.164562;41.3977694;"Barcelona";"Main_street"
2.1653989;41.398043;"Barcelona";"Main_street"
2.1663215;41.3982845;"Barcelona";"Main_street"
2.1671048;41.3984857;"Barcelona";"Main_street"
2.1678343;41.3986949;"Barcelona";"Main_street"
2.168639;41.3988961;"Barcelona";"Main_street"
2.1694651;41.3991134;"Barcelona";"Main_street"
2.1706614;41.3993146;"Barcelona";"Main_street"
2.171525;41.3995882;"Barcelona";"Main_street"
2.1725228;41.3998377;"Barcelona";"Main_street"
2.1735957;41.4000792;"Barcelona";"Main_street"
2.1743253;41.4003447;"Barcelona";"Main_street"
2.175205;41.4004896;"Barcelona";"Main_street"
2.1765569;41.4008276;"Barcelona";"Main_street"
2.1774152;41.4011012;"Barcelona";"Main_street"
2.1783218;41.4013105;"Barcelona";"Main_street"
2.1794751;41.4016002;"Barcelona";"Main_street"
2.1804407;41.4017772;"Barcelona";"Main_street"
2.1818676;41.4021796;"Barcelona";"Main_street"
2.1828761;41.4024371;"Barcelona";"Main_street"
2.1838203;41.4026946;"Barcelona";"Main_street"
-0.376619;39.469766;"Valencia";"City_Center"
0.4026173;39.4510701;"Valencia";"Metro"
-0.3028439;39.6204498;"Valencia";"Metro"
-0.3118829;39.5881886;"Valencia";"Metro"
-0.3183361;39.55568;"Valencia";"Metro"
-0.3206417;39.5432974;"Valencia";"Metro"
-0.3238483;39.5261963;"Valencia";"Metro"
-0.33004;39.5789123;"Valencia";"Metro"
-0.3308699;39.5879683;"Valencia";"Metro"
-0.3326916;39.5703014;"Valencia";"Metro"
-0.3386346;39.4648555;"Valencia";"Metro"
-0.3407042;39.5617469;"Valencia";"Metro"
-0.3431272;39.4677747;"Valencia";"Metro"
-0.3479811;39.5453392;"Valencia";"Metro"
-0.35049;39.4703326;"Valencia";"Metro"
-0.3516207;39.5280117;"Valencia";"Metro"
-0.3523606;39.5008914;"Valencia";"Metro"
-0.353825;39.5372733;"Valencia";"Metro"
-0.3542038;39.512224;"Valencia";"Metro"
-0.3555609;39.4958197;"Valencia";"Metro"
-0.3575395;39.4724072;"Valencia";"Metro"
-0.3587134;39.492086;"Valencia";"Metro"
-0.3618837;39.4781042;"Valencia";"Metro"
-0.362352;39.4848096;"Valencia";"Metro"
-0.3651993;39.4593677;"Valencia";"Metro"
-0.3660177;39.4731081;"Valencia";"Metro"
-0.3694697;39.4640679;"Valencia";"Metro"
-0.3702646;39.4414792;"Valencia";"Metro"
-0.3708376;39.4701853;"Valencia";"Metro"
-0.3771618;39.467519;"Valencia";"Metro"
-0.3792761;39.4635964;"Valencia";"Metro"
-0.3804152;39.4602682;"Valencia";"Metro"
-0.3805434;39.4602779;"Valencia";"Metro"
-0.3810319;39.4586578;"Valencia";"Metro"
-0.3820885;39.4662197;"Valencia";"Metro"
-0.3846304;39.4593788;"Valencia";"Metro"
-0.3851263;39.4704247;"Valencia";"Metro"
-0.3885714;39.5435011;"Valencia";"Metro"
-0.389794;39.5497121;"Valencia";"Metro"
-0.3902759;39.4782542;"Valencia";"Metro"
-0.3903667;39.456528;"Valencia";"Metro"
-0.3925914;39.422329;"Valencia";"Metro"
-0.3941092;39.4835506;"Valencia";"Metro"
-0.3953228;39.4091688;"Valencia";"Metro"
-0.3979341;39.4685471;"Valencia";"Metro"
-0.3982421;39.4546247;"Valencia";"Metro"
-0.399188;39.4000723;"Valencia";"Metro"
-0.399449;39.4909505;"Valencia";"Metro"
-0.4021687;39.4995522;"Valencia";"Metro"
-0.4030543;39.5364901;"Valencia";"Metro"
-0.4052632;39.5665085;"Valencia";"Metro"
-0.4067919;39.5082938;"Valencia";"Metro"
-0.4068717;39.4707625;"Valencia";"Metro"
-0.4073152;39.5292115;"Valencia";"Metro"
-0.4105125;39.4408196;"Valencia";"Metro"
-0.4116669;39.5131257;"Valencia";"Metro"
-0.4119442;39.5025382;"Valencia";"Metro"
-0.4141068;39.5191925;"Valencia";"Metro"
-0.4149384;39.3617545;"Valencia";"Metro"
-0.4181175;39.4739864;"Valencia";"Metro"
-0.4182187;39.4321018;"Valencia";"Metro"
-0.4187199;39.5018496;"Valencia";"Metro"
-0.4227833;39.4754869;"Valencia";"Metro"
-0.4249245;39.4990148;"Valencia";"Metro"
-0.4334105;39.4776777;"Valencia";"Metro"
-0.4352732;39.4958186;"Valencia";"Metro"
-0.437095;39.4332275;"Valencia";"Metro"
-0.4417848;39.480827;"Valencia";"Metro"
-0.4419403;39.4988913;"Valencia";"Metro"
-0.4428387;39.5819969;"Valencia";"Metro"
-0.4504393;39.4853071;"Valencia";"Metro"
-0.455317;39.5059042;"Valencia";"Metro"
-0.457496;39.5907287;"Valencia";"Metro"
-0.4594256;39.4895834;"Valencia";"Metro"
-0.4602511;39.4112747;"Valencia";"Metro"
-0.460926;39.4360982;"Valencia";"Metro"
-0.4637445;39.460971;"Valencia";"Metro"
-0.4640764;39.5111574;"Valencia";"Metro"
-0.4646699;39.3630565;"Valencia";"Metro"
-0.4671275;39.3843789;"Valencia";"Metro"
-0.4671623;39.4926732;"Valencia";"Metro"
-0.4686776;39.3264194;"Valencia";"Metro"
-0.4726324;39.4316826;"Valencia";"Metro"
-0.4737535;39.353152;"Valencia";"Metro"
-0.474374;39.4921903;"Valencia";"Metro"
-0.4847032;39.4989133;"Valencia";"Metro"
-0.487025;39.5269279;"Valencia";"Metro"
-0.4982292;39.5379633;"Valencia";"Metro"
-0.5140523;39.5433341;"Valencia";"Metro"
-0.5159906;39.5170789;"Valencia";"Metro"
-0.5279753;39.5499038;"Valencia";"Metro"
-0.5318048;39.5554391;"Valencia";"Metro"
-0.5342266;39.5304813;"Valencia";"Metro"
-0.5358678;39.5616973;"Valencia";"Metro"
-0.5466326;39.5382647;"Valencia";"Metro"
-0.5594273;39.5433067;"Valencia";"Metro"
-0.5673778;39.4856724;"Valencia";"Metro"
-0.5783058;39.5926935;"Valencia";"Metro"
-0.5842003;39.598988;"Valencia";"Metro"
-0.5907218;39.6225864;"Valencia";"Metro"
-0.3352287;39.4701833;"Valencia";"Main_street"
-0.3362802;39.4705974;"Valencia";"Main_street"
-0.3375891;39.4710281;"Valencia";"Main_street"
-0.3390911;39.4714587;"Valencia";"Main_street"
-0.3403357;39.4719722;"Valencia";"Main_street"
-0.3419664;39.4723366;"Valencia";"Main_street"
-0.3433397;39.4728832;"Valencia";"Main_street"
-0.3445199;39.4731483;"Valencia";"Main_street"
-0.3459361;39.4735789;"Valencia";"Main_street"
-0.3471807;39.4739267;"Valencia";"Main_street"
-0.3483823;39.4742415;"Valencia";"Main_street"
-0.3495625;39.4745562;"Valencia";"Main_street"
-0.3507856;39.4749702;"Valencia";"Main_street"
-0.3518155;39.4753015;"Valencia";"Main_street"
-0.3528455;39.4755168;"Valencia";"Main_street"
-0.3541544;39.4759972;"Valencia";"Main_street"
-0.3549913;39.4762622;"Valencia";"Main_street"
-0.3560427;39.4764775;"Valencia";"Main_street"
-0.3569868;39.4768087;"Valencia";"Main_street"
-0.3583387;39.47714;"Valencia";"Main_street"
-0.3593901;39.4775044;"Valencia";"Main_street"
-0.3606561;39.4777859;"Valencia";"Main_street"
-0.3613856;39.4780675;"Valencia";"Main_street"
-0.3626302;39.4782331;"Valencia";"Main_street"
-0.3637031;39.4785809;"Valencia";"Main_street"
-0.3648832;39.4788791;"Valencia";"Main_street"
-0.3660205;39.4792931;"Valencia";"Main_street"
